-- phpMyAdmin SQL Dump
-- version 4.0.9
-- http://www.phpmyadmin.net
--
-- Host: localhost
-- Generation Time: Dec 05, 2013 at 08:45 PM
-- Server version: 5.5.33a-MariaDB
-- PHP Version: 5.5.6

SET SQL_MODE = "NO_AUTO_VALUE_ON_ZERO";
SET time_zone = "+00:00";


/*!40101 SET @OLD_CHARACTER_SET_CLIENT=@@CHARACTER_SET_CLIENT */;
/*!40101 SET @OLD_CHARACTER_SET_RESULTS=@@CHARACTER_SET_RESULTS */;
/*!40101 SET @OLD_COLLATION_CONNECTION=@@COLLATION_CONNECTION */;
/*!40101 SET NAMES utf8 */;

--
-- Database: `projects_simplecomm`
--

-- --------------------------------------------------------

--
-- Table structure for table `carts`
--

DROP TABLE IF EXISTS `carts`;
CREATE TABLE IF NOT EXISTS `carts` (
  `id` int(10) unsigned NOT NULL AUTO_INCREMENT,
  `sessionid` varchar(255) COLLATE utf8_unicode_ci DEFAULT NULL,
  `product_id` int(11) unsigned DEFAULT NULL,
  `name` varchar(255) COLLATE utf8_unicode_ci DEFAULT NULL,
  `weight` decimal(6,2) DEFAULT NULL,
  `price` decimal(6,2) DEFAULT NULL,
  `quantity` int(11) DEFAULT NULL,
  `weight_total` decimal(6,2) DEFAULT NULL,
  `subtotal` decimal(6,2) DEFAULT NULL,
  `created` datetime DEFAULT NULL,
  `modified` datetime DEFAULT NULL,
  PRIMARY KEY (`id`)
) ENGINE=InnoDB  DEFAULT CHARSET=utf8 COLLATE=utf8_unicode_ci AUTO_INCREMENT=155 ;

--
-- Dumping data for table `carts`
--

INSERT INTO `carts` (`id`, `sessionid`, `product_id`, `name`, `weight`, `price`, `quantity`, `weight_total`, `subtotal`, `created`, `modified`) VALUES
(4, '3kjsvl21ntir7iflmkr8isoe26', 8, 'Flower #1', '0.00', '5.00', 1, '0.00', '5.00', '2013-12-03 16:05:18', '2013-12-03 16:16:20'),
(5, '3kjsvl21ntir7iflmkr8isoe26', 4, 'Rhino', '0.00', '5.00', 1, '0.00', '5.00', '2013-12-03 16:13:06', '2013-12-03 16:16:11'),
(7, '3kjsvl21ntir7iflmkr8isoe26', 2, 'Bear', '0.00', '5.00', 1, '0.00', '5.00', '2013-12-03 16:16:07', '2013-12-03 16:16:07'),
(8, '3kjsvl21ntir7iflmkr8isoe26', 5, 'Cat', '0.00', '3.00', 1, '0.00', '3.00', '2013-12-03 16:16:17', '2013-12-03 16:16:17'),
(34, 'a123a860j42fvd0al4q2n0hjk6', 4, 'Rhino', '0.00', '5.00', 1, '0.00', '5.00', '2013-12-03 21:41:20', '2013-12-03 21:46:16'),
(38, 'a123a860j42fvd0al4q2n0hjk6', 9, 'Flower #2', '0.00', '6.00', 1, '0.00', '6.00', '2013-12-03 21:46:23', '2013-12-03 21:46:23'),
(43, 'hnamv4n3kv541re51n0em8hkh4', 9, 'Flower #2', '0.00', '6.00', 1, '0.00', '6.00', '2013-12-04 00:40:13', '2013-12-04 00:40:13'),
(44, 'lfuje2sbq10n77jkm23uh97s96', 25, 'Meerkat #1', NULL, '7.00', 1, '0.00', '7.00', '2013-12-04 13:05:53', '2013-12-04 13:05:53'),
(59, 'kha3ro8po2pm48gb197sk9a386', 15, 'Beach', NULL, '4.20', 4, '0.00', '16.80', '2013-12-04 16:58:28', '2013-12-04 17:40:05'),
(60, 'kha3ro8po2pm48gb197sk9a386', 27, 'Meerkat #3', NULL, '50.90', 1, '0.00', '50.90', '2013-12-04 16:59:14', '2013-12-04 17:40:05'),
(61, 'kha3ro8po2pm48gb197sk9a386', 17, 'Beach #2', NULL, '7.00', 2, '0.00', '14.00', '2013-12-04 16:59:23', '2013-12-04 17:40:05'),
(62, 'kha3ro8po2pm48gb197sk9a386', 22, 'Urban', NULL, '2.50', 8, '0.00', '20.00', '2013-12-04 17:48:57', '2013-12-04 17:49:09'),
(63, 'kf6slk00up2vt81lkc4l3s1gf2', 21, 'Tower', NULL, '3.00', 2, '0.00', '6.00', '2013-12-04 18:02:31', '2013-12-04 18:02:33'),
(64, '5ik46a5cao0oeoak24g1cgqq37', 23, 'Urban #2', NULL, '2.40', 1, '0.00', '2.40', '2013-12-04 18:51:38', '2013-12-04 18:51:38'),
(133, 'j0r3ph0hop6jfh2tnj5lqcqum0', 26, 'Meerkat #2', NULL, '8.00', 4, '0.00', '32.00', '2013-12-04 23:57:48', '2013-12-04 23:57:50'),
(136, 'puk4ulfd10m8sbk8l6qksffth3', 18, 'City', NULL, '0.50', 1, '0.00', '0.50', '2013-12-05 00:21:50', '2013-12-05 00:21:50'),
(138, 'jf9hieivtaavqf0r8q74l535j3', 30, 'Liquid #3', NULL, '12.00', 2, '0.00', '24.00', '2013-12-05 18:12:55', '2013-12-05 18:13:12'),
(140, 'ct1s1hustrmk32fulca5sbbto1', 27, 'Meerkat #3', NULL, '50.90', 1, '0.00', '50.90', '2013-12-05 18:17:38', '2013-12-05 18:17:38'),
(142, 'jb3ft2un4lqcc9ghnrt6hdc107', 31, 'Liquid #4', NULL, '13.00', 1, '0.00', '13.00', '2013-12-05 18:40:05', '2013-12-05 18:40:05'),
(145, 'd66pl3pu80jhmdkr8prj57eli7', 34, 'Liquid #7', NULL, '16.00', 1, '0.00', '16.00', '2013-12-05 18:47:56', '2013-12-05 18:47:56'),
(146, 'd66pl3pu80jhmdkr8prj57eli7', 33, 'Liquid #6', NULL, '15.00', 1, '0.00', '15.00', '2013-12-05 18:47:58', '2013-12-05 18:47:58'),
(147, 'd66pl3pu80jhmdkr8prj57eli7', 32, 'Liquid #5', NULL, '14.00', 1, '0.00', '14.00', '2013-12-05 18:47:59', '2013-12-05 18:47:59'),
(152, 'bjrhaluhpbbc4snojmqer6nld6', 23, 'Urban #2', NULL, '2.40', 2, '0.00', '4.80', '2013-12-05 19:08:08', '2013-12-05 19:08:45'),
(154, 'shq8ov9o1rjn704bn6rdin1eg5', 15, 'Beach', NULL, '4.20', 1, '0.00', '4.20', '2013-12-05 19:39:39', '2013-12-05 19:39:39');

-- --------------------------------------------------------

--
-- Table structure for table `categories`
--

DROP TABLE IF EXISTS `categories`;
CREATE TABLE IF NOT EXISTS `categories` (
  `id` int(10) unsigned NOT NULL AUTO_INCREMENT,
  `parent_id` int(10) unsigned DEFAULT NULL,
  `lft` int(10) unsigned DEFAULT NULL,
  `rght` int(10) unsigned DEFAULT NULL,
  `name` varchar(255) COLLATE utf8_unicode_ci DEFAULT NULL,
  `slug` varchar(255) COLLATE utf8_unicode_ci DEFAULT NULL,
  `created` datetime DEFAULT NULL,
  `modified` datetime DEFAULT NULL,
  PRIMARY KEY (`id`)
) ENGINE=InnoDB  DEFAULT CHARSET=utf8 COLLATE=utf8_unicode_ci AUTO_INCREMENT=6 ;

--
-- Dumping data for table `categories`
--

INSERT INTO `categories` (`id`, `parent_id`, `lft`, `rght`, `name`, `slug`, `created`, `modified`) VALUES
(1, NULL, 1, 2, 'Landscape', 'landscape', '2013-12-03 13:50:47', '2013-12-03 13:50:47'),
(2, NULL, 3, 4, 'Animals', 'animals', '2013-12-03 13:59:09', '2013-12-03 13:59:09'),
(3, NULL, 5, 6, 'Nature', 'nature', '2013-12-03 13:59:28', '2013-12-03 13:59:28'),
(4, NULL, 7, 8, 'Buildings', 'buildings', '2013-12-04 13:00:59', '2013-12-04 13:00:59'),
(5, NULL, 9, 10, 'Water', 'water', '2013-12-05 17:49:17', '2013-12-05 17:49:17');

-- --------------------------------------------------------

--
-- Table structure for table `products`
--

DROP TABLE IF EXISTS `products`;
CREATE TABLE IF NOT EXISTS `products` (
  `id` int(11) unsigned NOT NULL AUTO_INCREMENT,
  `category_id` int(11) unsigned DEFAULT NULL,
  `name` varchar(255) COLLATE utf8_unicode_ci DEFAULT NULL,
  `sku` varchar(255) COLLATE utf8_unicode_ci NOT NULL,
  `slug` varchar(255) COLLATE utf8_unicode_ci DEFAULT NULL,
  `description` text COLLATE utf8_unicode_ci,
  `image` varchar(255) COLLATE utf8_unicode_ci DEFAULT NULL,
  `price` decimal(8,2) DEFAULT NULL,
  `weight` decimal(8,2) DEFAULT NULL,
  `tags` varchar(255) COLLATE utf8_unicode_ci DEFAULT NULL,
  `views` int(11) DEFAULT '0',
  `active` int(1) DEFAULT NULL,
  `created` datetime DEFAULT NULL,
  `modified` datetime DEFAULT NULL,
  PRIMARY KEY (`id`),
  KEY `name` (`name`),
  KEY `modified` (`modified`),
  KEY `name_slug` (`slug`),
  KEY `category_id` (`category_id`)
) ENGINE=InnoDB  DEFAULT CHARSET=utf8 COLLATE=utf8_unicode_ci ROW_FORMAT=COMPACT AUTO_INCREMENT=40 ;

--
-- Dumping data for table `products`
--

INSERT INTO `products` (`id`, `category_id`, `name`, `sku`, `slug`, `description`, `image`, `price`, `weight`, `tags`, `views`, `active`, `created`, `modified`) VALUES
(1, 1, 'Water 1', 'water-001', 'water-one', '<p>Odd Future locavore salvia, organic tousled cornhole fixie tote bag drinking vinegar tattooed semiotics butcher raw denim distillery banjo. &nbsp;Single-origin coffee drinking vinegar Wes Anderson, lomo Echo Park selvage tote bag leggings. &nbsp;Roof party chia American Apparel viral ugh disrupt. &nbsp;Plaid street art readymade, Pinterest single-origin coffee selfies Blue Bottle actually PBR&amp;amp;B chambray bicycle rights. &nbsp;Shoreditch synth occupy, Marfa Williamsburg freegan DIY ethnic chambray small batch four loko ennui selvage farm-to-table leggings. &nbsp;Leggings next level Shoreditch meggings lomo fap, Thundercats hoodie sriracha gluten-free tattooed Vice trust fund. &nbsp;Kitsch Pitchfork Intelligentsia squid cray, gentrify bicycle rights ennui seitan fingerstache.</p><p>Semiotics fixie distillery put a bird on it jean shorts DIY, viral XOXO Tonx. &nbsp;Bitters before they sold out Truffaut, seitan leggings lomo ethnic biodiesel actually Blue Bottle Brooklyn pickled. &nbsp;Art party sartorial letterpress umami salvia chillwave. &nbsp;Etsy post-ironic cardigan tousled. &nbsp;Pug Austin roof party, DIY paleo meggings 8-bit sriracha butcher Brooklyn freegan Neutra shabby chic. &nbsp;Lo-fi brunch Portland Helvetica, synth beard Williamsburg seitan ugh photo booth freegan aesthetic Brooklyn. &nbsp;+1 skateboard Odd Future flannel, fixie trust fund raw denim.</p>', '1.jpg', '10.00', '0.00', NULL, 429, 1, '2013-12-03 13:51:36', '2013-12-03 13:51:36'),
(2, 2, 'Bear 2', 'bear-002', 'bear', '<p>Odd Future locavore salvia, organic tousled cornhole fixie tote bag drinking vinegar tattooed semiotics butcher raw denim distillery banjo. &nbsp;Single-origin coffee drinking vinegar Wes Anderson, lomo Echo Park selvage tote bag leggings. &nbsp;Roof party chia American Apparel viral ugh disrupt. &nbsp;Plaid street art readymade, Pinterest single-origin coffee selfies Blue Bottle actually PBR&amp;amp;B chambray bicycle rights. &nbsp;Shoreditch synth occupy, Marfa Williamsburg freegan DIY ethnic chambray small batch four loko ennui selvage farm-to-table leggings. &nbsp;Leggings next level Shoreditch meggings lomo fap, Thundercats hoodie sriracha gluten-free tattooed Vice trust fund. &nbsp;Kitsch Pitchfork Intelligentsia squid cray, gentrify bicycle rights ennui seitan fingerstache.</p><p>Semiotics fixie distillery put a bird on it jean shorts DIY, viral XOXO Tonx. &nbsp;Bitters before they sold out Truffaut, seitan leggings lomo ethnic biodiesel actually Blue Bottle Brooklyn pickled. &nbsp;Art party sartorial letterpress umami salvia chillwave. &nbsp;Etsy post-ironic cardigan tousled. &nbsp;Pug Austin roof party, DIY paleo meggings 8-bit sriracha butcher Brooklyn freegan Neutra shabby chic. &nbsp;Lo-fi brunch Portland Helvetica, synth beard Williamsburg seitan ugh photo booth freegan aesthetic Brooklyn. &nbsp;+1 skateboard Odd Future flannel, fixie trust fund raw denim.</p>', 'bear.jpg', '5.00', '0.00', NULL, 429, 1, '2013-12-03 13:59:55', '2013-12-03 22:50:54'),
(3, 2, 'Chilling Bear', 'special-bear-001', 'chilling-bear', '<p>Odd Future locavore salvia, organic tousled cornhole fixie tote bag drinking vinegar tattooed semiotics butcher raw denim distillery banjo. &nbsp;Single-origin coffee drinking vinegar Wes Anderson, lomo Echo Park selvage tote bag leggings. &nbsp;Roof party chia American Apparel viral ugh disrupt. &nbsp;Plaid street art readymade, Pinterest single-origin coffee selfies Blue Bottle actually PBR&amp;amp;B chambray bicycle rights. &nbsp;Shoreditch synth occupy, Marfa Williamsburg freegan DIY ethnic chambray small batch four loko ennui selvage farm-to-table leggings. &nbsp;Leggings next level Shoreditch meggings lomo fap, Thundercats hoodie sriracha gluten-free tattooed Vice trust fund. &nbsp;Kitsch Pitchfork Intelligentsia squid cray, gentrify bicycle rights ennui seitan fingerstache.</p><p>Semiotics fixie distillery put a bird on it jean shorts DIY, viral XOXO Tonx. &nbsp;Bitters before they sold out Truffaut, seitan leggings lomo ethnic biodiesel actually Blue Bottle Brooklyn pickled. &nbsp;Art party sartorial letterpress umami salvia chillwave. &nbsp;Etsy post-ironic cardigan tousled. &nbsp;Pug Austin roof party, DIY paleo meggings 8-bit sriracha butcher Brooklyn freegan Neutra shabby chic. &nbsp;Lo-fi brunch Portland Helvetica, synth beard Williamsburg seitan ugh photo booth freegan aesthetic Brooklyn. &nbsp;+1 skateboard Odd Future flannel, fixie trust fund raw denim.</p>', 'bear2.jpg', '6.00', '0.00', NULL, 429, 1, '2013-12-03 14:00:28', '2013-12-04 13:23:58'),
(4, 2, 'Rhino', 'rhino-001', 'rhino', '<p>Odd Future locavore salvia, organic tousled cornhole fixie tote bag drinking vinegar tattooed semiotics butcher raw denim distillery banjo. &nbsp;Single-origin coffee drinking vinegar Wes Anderson, lomo Echo Park selvage tote bag leggings. &nbsp;Roof party chia American Apparel viral ugh disrupt. &nbsp;Plaid street art readymade, Pinterest single-origin coffee selfies Blue Bottle actually PBR&amp;amp;B chambray bicycle rights. &nbsp;Shoreditch synth occupy, Marfa Williamsburg freegan DIY ethnic chambray small batch four loko ennui selvage farm-to-table leggings. &nbsp;Leggings next level Shoreditch meggings lomo fap, Thundercats hoodie sriracha gluten-free tattooed Vice trust fund. &nbsp;Kitsch Pitchfork Intelligentsia squid cray, gentrify bicycle rights ennui seitan fingerstache.</p><p>Semiotics fixie distillery put a bird on it jean shorts DIY, viral XOXO Tonx. &nbsp;Bitters before they sold out Truffaut, seitan leggings lomo ethnic biodiesel actually Blue Bottle Brooklyn pickled. &nbsp;Art party sartorial letterpress umami salvia chillwave. &nbsp;Etsy post-ironic cardigan tousled. &nbsp;Pug Austin roof party, DIY paleo meggings 8-bit sriracha butcher Brooklyn freegan Neutra shabby chic. &nbsp;Lo-fi brunch Portland Helvetica, synth beard Williamsburg seitan ugh photo booth freegan aesthetic Brooklyn. &nbsp;+1 skateboard Odd Future flannel, fixie trust fund raw denim.</p>', 'rhino.jpg', '5.00', '0.00', NULL, 429, 1, '2013-12-03 14:00:48', '2013-12-03 14:00:48'),
(5, 2, 'Cat', 'cat-001', 'cat', '<p>Odd Future locavore salvia, organic tousled cornhole fixie tote bag drinking vinegar tattooed semiotics butcher raw denim distillery banjo. &nbsp;Single-origin coffee drinking vinegar Wes Anderson, lomo Echo Park selvage tote bag leggings. &nbsp;Roof party chia American Apparel viral ugh disrupt. &nbsp;Plaid street art readymade, Pinterest single-origin coffee selfies Blue Bottle actually PBR&amp;amp;B chambray bicycle rights. &nbsp;Shoreditch synth occupy, Marfa Williamsburg freegan DIY ethnic chambray small batch four loko ennui selvage farm-to-table leggings. &nbsp;Leggings next level Shoreditch meggings lomo fap, Thundercats hoodie sriracha gluten-free tattooed Vice trust fund. &nbsp;Kitsch Pitchfork Intelligentsia squid cray, gentrify bicycle rights ennui seitan fingerstache.</p><p>Semiotics fixie distillery put a bird on it jean shorts DIY, viral XOXO Tonx. &nbsp;Bitters before they sold out Truffaut, seitan leggings lomo ethnic biodiesel actually Blue Bottle Brooklyn pickled. &nbsp;Art party sartorial letterpress umami salvia chillwave. &nbsp;Etsy post-ironic cardigan tousled. &nbsp;Pug Austin roof party, DIY paleo meggings 8-bit sriracha butcher Brooklyn freegan Neutra shabby chic. &nbsp;Lo-fi brunch Portland Helvetica, synth beard Williamsburg seitan ugh photo booth freegan aesthetic Brooklyn. &nbsp;+1 skateboard Odd Future flannel, fixie trust fund raw denim.</p>', 'cat.jpg', '3.00', '0.00', NULL, 429, 1, '2013-12-03 14:01:06', '2013-12-03 14:01:06'),
(6, 2, 'Butterfly', 'butterfly-001', 'butterfly', '<p>Odd Future locavore salvia, organic tousled cornhole fixie tote bag drinking vinegar tattooed semiotics butcher raw denim distillery banjo. &nbsp;Single-origin coffee drinking vinegar Wes Anderson, lomo Echo Park selvage tote bag leggings. &nbsp;Roof party chia American Apparel viral ugh disrupt. &nbsp;Plaid street art readymade, Pinterest single-origin coffee selfies Blue Bottle actually PBR&amp;amp;B chambray bicycle rights. &nbsp;Shoreditch synth occupy, Marfa Williamsburg freegan DIY ethnic chambray small batch four loko ennui selvage farm-to-table leggings. &nbsp;Leggings next level Shoreditch meggings lomo fap, Thundercats hoodie sriracha gluten-free tattooed Vice trust fund. &nbsp;Kitsch Pitchfork Intelligentsia squid cray, gentrify bicycle rights ennui seitan fingerstache.</p><p>Semiotics fixie distillery put a bird on it jean shorts DIY, viral XOXO Tonx. &nbsp;Bitters before they sold out Truffaut, seitan leggings lomo ethnic biodiesel actually Blue Bottle Brooklyn pickled. &nbsp;Art party sartorial letterpress umami salvia chillwave. &nbsp;Etsy post-ironic cardigan tousled. &nbsp;Pug Austin roof party, DIY paleo meggings 8-bit sriracha butcher Brooklyn freegan Neutra shabby chic. &nbsp;Lo-fi brunch Portland Helvetica, synth beard Williamsburg seitan ugh photo booth freegan aesthetic Brooklyn. &nbsp;+1 skateboard Odd Future flannel, fixie trust fund raw denim.</p>', 'butterfly.jpg', '5.00', '0.00', NULL, 435, 1, '2013-12-03 14:01:27', '2013-12-03 14:01:27'),
(7, 2, 'Tiger', 'tiger-001', 'tiger', '<p>Odd Future locavore salvia, organic tousled cornhole fixie tote bag drinking vinegar tattooed semiotics butcher raw denim distillery banjo. &nbsp;Single-origin coffee drinking vinegar Wes Anderson, lomo Echo Park selvage tote bag leggings. &nbsp;Roof party chia American Apparel viral ugh disrupt. &nbsp;Plaid street art readymade, Pinterest single-origin coffee selfies Blue Bottle actually PBR&amp;amp;B chambray bicycle rights. &nbsp;Shoreditch synth occupy, Marfa Williamsburg freegan DIY ethnic chambray small batch four loko ennui selvage farm-to-table leggings. &nbsp;Leggings next level Shoreditch meggings lomo fap, Thundercats hoodie sriracha gluten-free tattooed Vice trust fund. &nbsp;Kitsch Pitchfork Intelligentsia squid cray, gentrify bicycle rights ennui seitan fingerstache.</p><p>Semiotics fixie distillery put a bird on it jean shorts DIY, viral XOXO Tonx. &nbsp;Bitters before they sold out Truffaut, seitan leggings lomo ethnic biodiesel actually Blue Bottle Brooklyn pickled. &nbsp;Art party sartorial letterpress umami salvia chillwave. &nbsp;Etsy post-ironic cardigan tousled. &nbsp;Pug Austin roof party, DIY paleo meggings 8-bit sriracha butcher Brooklyn freegan Neutra shabby chic. &nbsp;Lo-fi brunch Portland Helvetica, synth beard Williamsburg seitan ugh photo booth freegan aesthetic Brooklyn. &nbsp;+1 skateboard Odd Future flannel, fixie trust fund raw denim.</p>', 'tiger.jpg', '5.00', '0.00', NULL, 429, 1, '2013-12-03 14:01:57', '2013-12-03 14:01:57'),
(8, 3, 'Flower #1', 'flower-001', 'flower-one', '<p>Odd Future locavore salvia, organic tousled cornhole fixie tote bag drinking vinegar tattooed semiotics butcher raw denim distillery banjo. &nbsp;Single-origin coffee drinking vinegar Wes Anderson, lomo Echo Park selvage tote bag leggings. &nbsp;Roof party chia American Apparel viral ugh disrupt. &nbsp;Plaid street art readymade, Pinterest single-origin coffee selfies Blue Bottle actually PBR&amp;amp;B chambray bicycle rights. &nbsp;Shoreditch synth occupy, Marfa Williamsburg freegan DIY ethnic chambray small batch four loko ennui selvage farm-to-table leggings. &nbsp;Leggings next level Shoreditch meggings lomo fap, Thundercats hoodie sriracha gluten-free tattooed Vice trust fund. &nbsp;Kitsch Pitchfork Intelligentsia squid cray, gentrify bicycle rights ennui seitan fingerstache.</p><p>Semiotics fixie distillery put a bird on it jean shorts DIY, viral XOXO Tonx. &nbsp;Bitters before they sold out Truffaut, seitan leggings lomo ethnic biodiesel actually Blue Bottle Brooklyn pickled. &nbsp;Art party sartorial letterpress umami salvia chillwave. &nbsp;Etsy post-ironic cardigan tousled. &nbsp;Pug Austin roof party, DIY paleo meggings 8-bit sriracha butcher Brooklyn freegan Neutra shabby chic. &nbsp;Lo-fi brunch Portland Helvetica, synth beard Williamsburg seitan ugh photo booth freegan aesthetic Brooklyn. &nbsp;+1 skateboard Odd Future flannel, fixie trust fund raw denim.</p>', '1.jpg', '5.00', '0.00', NULL, 429, 1, '2013-12-03 14:02:27', '2013-12-03 14:02:27'),
(9, 3, 'Flower #2', 'flower-002', 'flower-two', '<p>Odd Future locavore salvia, organic tousled cornhole fixie tote bag drinking vinegar tattooed semiotics butcher raw denim distillery banjo. &nbsp;Single-origin coffee drinking vinegar Wes Anderson, lomo Echo Park selvage tote bag leggings. &nbsp;Roof party chia American Apparel viral ugh disrupt. &nbsp;Plaid street art readymade, Pinterest single-origin coffee selfies Blue Bottle actually PBR&amp;amp;B chambray bicycle rights. &nbsp;Shoreditch synth occupy, Marfa Williamsburg freegan DIY ethnic chambray small batch four loko ennui selvage farm-to-table leggings. &nbsp;Leggings next level Shoreditch meggings lomo fap, Thundercats hoodie sriracha gluten-free tattooed Vice trust fund. &nbsp;Kitsch Pitchfork Intelligentsia squid cray, gentrify bicycle rights ennui seitan fingerstache.</p><p>Semiotics fixie distillery put a bird on it jean shorts DIY, viral XOXO Tonx. &nbsp;Bitters before they sold out Truffaut, seitan leggings lomo ethnic biodiesel actually Blue Bottle Brooklyn pickled. &nbsp;Art party sartorial letterpress umami salvia chillwave. &nbsp;Etsy post-ironic cardigan tousled. &nbsp;Pug Austin roof party, DIY paleo meggings 8-bit sriracha butcher Brooklyn freegan Neutra shabby chic. &nbsp;Lo-fi brunch Portland Helvetica, synth beard Williamsburg seitan ugh photo booth freegan aesthetic Brooklyn. &nbsp;+1 skateboard Odd Future flannel, fixie trust fund raw denim.</p>', '3.jpg', '6.00', '0.00', NULL, 428, 1, '2013-12-03 14:02:49', '2013-12-03 14:02:49'),
(10, 3, 'Greenify', 'greenify-001', 'greenify', '<p>Odd Future locavore salvia, organic tousled cornhole fixie tote bag drinking vinegar tattooed semiotics butcher raw denim distillery banjo. &nbsp;Single-origin coffee drinking vinegar Wes Anderson, lomo Echo Park selvage tote bag leggings. &nbsp;Roof party chia American Apparel viral ugh disrupt. &nbsp;Plaid street art readymade, Pinterest single-origin coffee selfies Blue Bottle actually PBR&amp;amp;B chambray bicycle rights. &nbsp;Shoreditch synth occupy, Marfa Williamsburg freegan DIY ethnic chambray small batch four loko ennui selvage farm-to-table leggings. &nbsp;Leggings next level Shoreditch meggings lomo fap, Thundercats hoodie sriracha gluten-free tattooed Vice trust fund. &nbsp;Kitsch Pitchfork Intelligentsia squid cray, gentrify bicycle rights ennui seitan fingerstache.</p><p>Semiotics fixie distillery put a bird on it jean shorts DIY, viral XOXO Tonx. &nbsp;Bitters before they sold out Truffaut, seitan leggings lomo ethnic biodiesel actually Blue Bottle Brooklyn pickled. &nbsp;Art party sartorial letterpress umami salvia chillwave. &nbsp;Etsy post-ironic cardigan tousled. &nbsp;Pug Austin roof party, DIY paleo meggings 8-bit sriracha butcher Brooklyn freegan Neutra shabby chic. &nbsp;Lo-fi brunch Portland Helvetica, synth beard Williamsburg seitan ugh photo booth freegan aesthetic Brooklyn. &nbsp;+1 skateboard Odd Future flannel, fixie trust fund raw denim.</p>', '2.jpg', '3.50', '0.00', NULL, 428, 1, '2013-12-03 14:03:20', '2013-12-03 14:03:20'),
(11, 1, 'Sunset', 'sunset-001', 'sunset', '<p>Odd Future locavore salvia, organic tousled cornhole fixie tote bag drinking vinegar tattooed semiotics butcher raw denim distillery banjo. &nbsp;Single-origin coffee drinking vinegar Wes Anderson, lomo Echo Park selvage tote bag leggings. &nbsp;Roof party chia American Apparel viral ugh disrupt. &nbsp;Plaid street art readymade, Pinterest single-origin coffee selfies Blue Bottle actually PBR&amp;amp;B chambray bicycle rights. &nbsp;Shoreditch synth occupy, Marfa Williamsburg freegan DIY ethnic chambray small batch four loko ennui selvage farm-to-table leggings. &nbsp;Leggings next level Shoreditch meggings lomo fap, Thundercats hoodie sriracha gluten-free tattooed Vice trust fund. &nbsp;Kitsch Pitchfork Intelligentsia squid cray, gentrify bicycle rights ennui seitan fingerstache.</p><p>Semiotics fixie distillery put a bird on it jean shorts DIY, viral XOXO Tonx. &nbsp;Bitters before they sold out Truffaut, seitan leggings lomo ethnic biodiesel actually Blue Bottle Brooklyn pickled. &nbsp;Art party sartorial letterpress umami salvia chillwave. &nbsp;Etsy post-ironic cardigan tousled. &nbsp;Pug Austin roof party, DIY paleo meggings 8-bit sriracha butcher Brooklyn freegan Neutra shabby chic. &nbsp;Lo-fi brunch Portland Helvetica, synth beard Williamsburg seitan ugh photo booth freegan aesthetic Brooklyn. &nbsp;+1 skateboard Odd Future flannel, fixie trust fund raw denim.</p>', '2.jpg', '12.00', '0.00', NULL, 428, 1, '2013-12-03 14:06:52', '2013-12-03 14:08:08'),
(15, 1, 'Beach', 'beach-001', 'beach', '<p>Tonx VHS High Life direct trade. &nbsp;Put a bird on it swag Echo Park, chia paleo cred ugh. &nbsp;Chambray whatever Thundercats, Wes Anderson disrupt photo booth Blue Bottle pour-over fingerstache mustache tattooed kogi fanny pack. &nbsp;8-bit lomo Pinterest, biodiesel twee pour-over banjo VHS chia slow-carb before they sold out trust fund. &nbsp;Pinterest McSweeney&#39;s sartorial, single-origin coffee occupy roof party sriracha cray skateboard. &nbsp;Occupy roof party jean shorts, lomo scenester bespoke keffiyeh bitters meggings Wes Anderson yr skateboard tattooed butcher. &nbsp;Cosby sweater bitters gastropub aesthetic fashion axe.</p>', '3.jpg', '4.20', NULL, NULL, 263, 1, '2013-12-04 12:56:54', '2013-12-04 12:56:54'),
(17, 1, 'Beach #2', 'beach-002', 'beach-two', '<p>Tonx VHS High Life direct trade. &amp;&nbsp;Put a bird on it swag Echo Park, chia paleo cred ugh. &amp;&nbsp;Chambray whatever Thundercats, Wes Anderson disrupt photo booth Blue Bottle pour-over fingerstache mustache tattooed kogi fanny pack. &amp;&nbsp;8-bit lomo Pinterest, biodiesel twee pour-over banjo VHS chia slow-carb before they sold out trust fund. &amp;&nbsp;Pinterest McSweeney&amp;&#39;s sartorial, single-origin coffee occupy roof party sriracha cray skateboard. &amp;&nbsp;Occupy roof party jean shorts, lomo scenester bespoke keffiyeh bitters meggings Wes Anderson yr skateboard tattooed butcher. &amp;&nbsp;Cosby sweater bitters gastropub aesthetic fashion axe.</p>', '4.jpg', '7.00', NULL, NULL, 263, 1, '2013-12-04 12:59:00', '2013-12-04 12:59:00'),
(18, 1, 'City', 'city-001', 'city', '<p>Tonx VHS High Life direct trade. &amp;&nbsp;Put a bird on it swag Echo Park, chia paleo cred ugh. &amp;&nbsp;Chambray whatever Thundercats, Wes Anderson disrupt photo booth Blue Bottle pour-over fingerstache mustache tattooed kogi fanny pack. &amp;&nbsp;8-bit lomo Pinterest, biodiesel twee pour-over banjo VHS chia slow-carb before they sold out trust fund. &amp;&nbsp;Pinterest McSweeney&amp;&#39;s sartorial, single-origin coffee occupy roof party sriracha cray skateboard. &amp;&nbsp;Occupy roof party jean shorts, lomo scenester bespoke keffiyeh bitters meggings Wes Anderson yr skateboard tattooed butcher. &amp;&nbsp;Cosby sweater bitters gastropub aesthetic fashion axe.</p>', '5.jpg', '0.50', NULL, NULL, 263, 1, '2013-12-04 12:59:56', '2013-12-04 12:59:56'),
(19, 1, 'City #2', 'city-002', 'city-two', '<p>Tonx VHS High Life direct trade. &amp;&nbsp;Put a bird on it swag Echo Park, chia paleo cred ugh. &amp;&nbsp;Chambray whatever Thundercats, Wes Anderson disrupt photo booth Blue Bottle pour-over fingerstache mustache tattooed kogi fanny pack. &amp;&nbsp;8-bit lomo Pinterest, biodiesel twee pour-over banjo VHS chia slow-carb before they sold out trust fund. &amp;&nbsp;Pinterest McSweeney&amp;&#39;s sartorial, single-origin coffee occupy roof party sriracha cray skateboard. &amp;&nbsp;Occupy roof party jean shorts, lomo scenester bespoke keffiyeh bitters meggings Wes Anderson yr skateboard tattooed butcher. &amp;&nbsp;Cosby sweater bitters gastropub aesthetic fashion axe.</p>', '6.jpg', '9.00', NULL, NULL, 263, 1, '2013-12-04 13:00:41', '2013-12-04 13:00:41'),
(20, 1, 'Windmill', 'windmill-001', 'windmill', '<p>Tonx VHS High Life direct trade. &amp;&nbsp;Put a bird on it swag Echo Park, chia paleo cred ugh. &amp;&nbsp;Chambray whatever Thundercats, Wes Anderson disrupt photo booth Blue Bottle pour-over fingerstache mustache tattooed kogi fanny pack. &amp;&nbsp;8-bit lomo Pinterest, biodiesel twee pour-over banjo VHS chia slow-carb before they sold out trust fund. &amp;&nbsp;Pinterest McSweeney&amp;&#39;s sartorial, single-origin coffee occupy roof party sriracha cray skateboard. &amp;&nbsp;Occupy roof party jean shorts, lomo scenester bespoke keffiyeh bitters meggings Wes Anderson yr skateboard tattooed butcher. &amp;&nbsp;Cosby sweater bitters gastropub aesthetic fashion axe.</p>', '1.jpg', '4.00', NULL, NULL, 263, 1, '2013-12-04 13:01:29', '2013-12-04 13:01:29'),
(21, 4, 'Tower', 'tower-001', 'tower', '<p>Tonx VHS High Life direct trade. &amp;&nbsp;Put a bird on it swag Echo Park, chia paleo cred ugh. &amp;&nbsp;Chambray whatever Thundercats, Wes Anderson disrupt photo booth Blue Bottle pour-over fingerstache mustache tattooed kogi fanny pack. &amp;&nbsp;8-bit lomo Pinterest, biodiesel twee pour-over banjo VHS chia slow-carb before they sold out trust fund. &amp;&nbsp;Pinterest McSweeney&amp;&#39;s sartorial, single-origin coffee occupy roof party sriracha cray skateboard. &amp;&nbsp;Occupy roof party jean shorts, lomo scenester bespoke keffiyeh bitters meggings Wes Anderson yr skateboard tattooed butcher. &amp;&nbsp;Cosby sweater bitters gastropub aesthetic fashion axe.</p>', '2.jpg', '3.00', NULL, NULL, 263, 1, '2013-12-04 13:01:59', '2013-12-04 13:01:59'),
(22, 4, 'Urban', 'urban-001', 'urban-one', '<p>Tonx VHS High Life direct trade. &amp;&nbsp;Put a bird on it swag Echo Park, chia paleo cred ugh. &amp;&nbsp;Chambray whatever Thundercats, Wes Anderson disrupt photo booth Blue Bottle pour-over fingerstache mustache tattooed kogi fanny pack. &amp;&nbsp;8-bit lomo Pinterest, biodiesel twee pour-over banjo VHS chia slow-carb before they sold out trust fund. &amp;&nbsp;Pinterest McSweeney&amp;&#39;s sartorial, single-origin coffee occupy roof party sriracha cray skateboard. &amp;&nbsp;Occupy roof party jean shorts, lomo scenester bespoke keffiyeh bitters meggings Wes Anderson yr skateboard tattooed butcher. &amp;&nbsp;Cosby sweater bitters gastropub aesthetic fashion axe.</p>', '3.jpg', '2.50', NULL, NULL, 263, 1, '2013-12-04 13:02:21', '2013-12-04 13:02:21'),
(23, 4, 'Urban #2', 'urban-002', 'urban-two', '<p>Tonx VHS High Life direct trade. &amp;&nbsp;Put a bird on it swag Echo Park, chia paleo cred ugh. &amp;&nbsp;Chambray whatever Thundercats, Wes Anderson disrupt photo booth Blue Bottle pour-over fingerstache mustache tattooed kogi fanny pack. &amp;&nbsp;8-bit lomo Pinterest, biodiesel twee pour-over banjo VHS chia slow-carb before they sold out trust fund. &amp;&nbsp;Pinterest McSweeney&amp;&#39;s sartorial, single-origin coffee occupy roof party sriracha cray skateboard. &amp;&nbsp;Occupy roof party jean shorts, lomo scenester bespoke keffiyeh bitters meggings Wes Anderson yr skateboard tattooed butcher. &amp;&nbsp;Cosby sweater bitters gastropub aesthetic fashion axe.</p>', '4.jpg', '2.40', NULL, NULL, 263, 1, '2013-12-04 13:02:46', '2013-12-04 13:02:46'),
(24, 4, 'Urban #3', 'urban-003', 'urban-three', '<p>Tonx VHS High Life direct trade. &amp;&nbsp;Put a bird on it swag Echo Park, chia paleo cred ugh. &amp;&nbsp;Chambray whatever Thundercats, Wes Anderson disrupt photo booth Blue Bottle pour-over fingerstache mustache tattooed kogi fanny pack. &amp;&nbsp;8-bit lomo Pinterest, biodiesel twee pour-over banjo VHS chia slow-carb before they sold out trust fund. &amp;&nbsp;Pinterest McSweeney&amp;&#39;s sartorial, single-origin coffee occupy roof party sriracha cray skateboard. &amp;&nbsp;Occupy roof party jean shorts, lomo scenester bespoke keffiyeh bitters meggings Wes Anderson yr skateboard tattooed butcher. &amp;&nbsp;Cosby sweater bitters gastropub aesthetic fashion axe.</p>', '5.jpg', '2.80', NULL, NULL, 263, 1, '2013-12-04 13:03:10', '2013-12-04 13:03:10'),
(25, 2, 'Meerkat #1', 'meerkat-001', 'meerkat-one', '<p>Tonx VHS High Life direct trade. &amp;&nbsp;Put a bird on it swag Echo Park, chia paleo cred ugh. &amp;&nbsp;Chambray whatever Thundercats, Wes Anderson disrupt photo booth Blue Bottle pour-over fingerstache mustache tattooed kogi fanny pack. &amp;&nbsp;8-bit lomo Pinterest, biodiesel twee pour-over banjo VHS chia slow-carb before they sold out trust fund. &amp;&nbsp;Pinterest McSweeney&amp;&#39;s sartorial, single-origin coffee occupy roof party sriracha cray skateboard. &amp;&nbsp;Occupy roof party jean shorts, lomo scenester bespoke keffiyeh bitters meggings Wes Anderson yr skateboard tattooed butcher. &amp;&nbsp;Cosby sweater bitters gastropub aesthetic fashion axe.</p>', 'meerkat_1.jpg', '7.00', NULL, NULL, 263, 1, '2013-12-04 13:03:51', '2013-12-04 13:03:51'),
(26, 2, 'Meerkat #2', 'meerkat-002', 'meerkat-two', '<p>Tonx VHS High Life direct trade. &amp;&nbsp;Put a bird on it swag Echo Park, chia paleo cred ugh. &amp;&nbsp;Chambray whatever Thundercats, Wes Anderson disrupt photo booth Blue Bottle pour-over fingerstache mustache tattooed kogi fanny pack. &amp;&nbsp;8-bit lomo Pinterest, biodiesel twee pour-over banjo VHS chia slow-carb before they sold out trust fund. &amp;&nbsp;Pinterest McSweeney&amp;&#39;s sartorial, single-origin coffee occupy roof party sriracha cray skateboard. &amp;&nbsp;Occupy roof party jean shorts, lomo scenester bespoke keffiyeh bitters meggings Wes Anderson yr skateboard tattooed butcher. &amp;&nbsp;Cosby sweater bitters gastropub aesthetic fashion axe.</p>', 'meerkat_2.jpg', '8.00', NULL, NULL, 262, 1, '2013-12-04 13:04:15', '2013-12-04 13:04:15'),
(27, 2, 'Meerkat #3', 'meerkat-003', 'meerkat-three', '<p>Tonx VHS High Life direct trade. &amp;&nbsp;Put a bird on it swag Echo Park, chia paleo cred ugh. &amp;&nbsp;Chambray whatever Thundercats, Wes Anderson disrupt photo booth Blue Bottle pour-over fingerstache mustache tattooed kogi fanny pack. &amp;&nbsp;8-bit lomo Pinterest, biodiesel twee pour-over banjo VHS chia slow-carb before they sold out trust fund. &amp;&nbsp;Pinterest McSweeney&amp;&#39;s sartorial, single-origin coffee occupy roof party sriracha cray skateboard. &amp;&nbsp;Occupy roof party jean shorts, lomo scenester bespoke keffiyeh bitters meggings Wes Anderson yr skateboard tattooed butcher. &amp;&nbsp;Cosby sweater bitters gastropub aesthetic fashion axe.</p>', 'meerkat_3.jpg', '50.90', NULL, NULL, 262, 1, '2013-12-04 13:04:46', '2013-12-04 13:04:46'),
(28, 5, 'Liquid #1', 'liquid-001', 'liquid-one', '<p>Lo-fi cray Marfa lomo gentrify letterpress jean shorts deep v ennui squid locavore McSweeney&#39;s. &nbsp;3 wolf moon organic twee, chillwave McSweeney&#39;s American Apparel hoodie yr wayfarers aesthetic DIY. &nbsp;Vegan whatever biodiesel, pug freegan asymmetrical Odd Future PBR Blue Bottle Schlitz next level Pitchfork Bushwick Brooklyn. &nbsp;Fap umami jean shorts occupy photo booth. &nbsp;Mlkshk umami pork belly freegan, DIY kogi Portland ethical Pitchfork literally bespoke chillwave readymade Vice. &nbsp;Twee typewriter fixie selvage, bitters XOXO umami. &nbsp;Readymade you probably haven&#39;t heard of them flannel, Pinterest whatever kogi next level fashion axe chillwave.</p>', '1.jpg', '10.00', NULL, NULL, 86, 1, '2013-12-05 17:50:58', '2013-12-05 17:50:58'),
(29, 5, 'Liquid #2', 'liquid-002', 'liquid-two', '<p>Lo-fi cray Marfa lomo gentrify letterpress jean shorts deep v ennui squid locavore McSweeney&#39;s. &nbsp;3 wolf moon organic twee, chillwave McSweeney&#39;s American Apparel hoodie yr wayfarers aesthetic DIY. &nbsp;Vegan whatever biodiesel, pug freegan asymmetrical Odd Future PBR Blue Bottle Schlitz next level Pitchfork Bushwick Brooklyn. &nbsp;Fap umami jean shorts occupy photo booth. &nbsp;Mlkshk umami pork belly freegan, DIY kogi Portland ethical Pitchfork literally bespoke chillwave readymade Vice. &nbsp;Twee typewriter fixie selvage, bitters XOXO umami. &nbsp;Readymade you probably haven&#39;t heard of them flannel, Pinterest whatever kogi next level fashion axe chillwave.</p>', '2.jpg', '11.00', NULL, NULL, 85, 1, '2013-12-05 17:51:29', '2013-12-05 17:51:29'),
(30, 5, 'Liquid #3', 'liquid-003', 'liquid-three', '<p>Lo-fi cray Marfa lomo gentrify letterpress jean shorts deep v ennui squid locavore McSweeney&#39;s. &nbsp;3 wolf moon organic twee, chillwave McSweeney&#39;s American Apparel hoodie yr wayfarers aesthetic DIY. &nbsp;Vegan whatever biodiesel, pug freegan asymmetrical Odd Future PBR Blue Bottle Schlitz next level Pitchfork Bushwick Brooklyn. &nbsp;Fap umami jean shorts occupy photo booth. &nbsp;Mlkshk umami pork belly freegan, DIY kogi Portland ethical Pitchfork literally bespoke chillwave readymade Vice. &nbsp;Twee typewriter fixie selvage, bitters XOXO umami. &nbsp;Readymade you probably haven&#39;t heard of them flannel, Pinterest whatever kogi next level fashion axe chillwave.</p>', '3.jpg', '12.00', NULL, NULL, 86, 1, '2013-12-05 17:51:51', '2013-12-05 17:52:05'),
(31, 5, 'Liquid #4', 'liquid-004', 'liquid-four', '<p>Lo-fi cray Marfa lomo gentrify letterpress jean shorts deep v ennui squid locavore McSweeney&#39;s. &nbsp;3 wolf moon organic twee, chillwave McSweeney&#39;s American Apparel hoodie yr wayfarers aesthetic DIY. &nbsp;Vegan whatever biodiesel, pug freegan asymmetrical Odd Future PBR Blue Bottle Schlitz next level Pitchfork Bushwick Brooklyn. &nbsp;Fap umami jean shorts occupy photo booth. &nbsp;Mlkshk umami pork belly freegan, DIY kogi Portland ethical Pitchfork literally bespoke chillwave readymade Vice. &nbsp;Twee typewriter fixie selvage, bitters XOXO umami. &nbsp;Readymade you probably haven&#39;t heard of them flannel, Pinterest whatever kogi next level fashion axe chillwave.</p>', '4.jpg', '13.00', NULL, NULL, 86, 1, '2013-12-05 17:52:35', '2013-12-05 17:52:35'),
(32, 5, 'Liquid #5', 'liquid-005', 'liquid-five', '<p>Lo-fi cray Marfa lomo gentrify letterpress jean shorts deep v ennui squid locavore McSweeney&#39;s. &nbsp;3 wolf moon organic twee, chillwave McSweeney&#39;s American Apparel hoodie yr wayfarers aesthetic DIY. &nbsp;Vegan whatever biodiesel, pug freegan asymmetrical Odd Future PBR Blue Bottle Schlitz next level Pitchfork Bushwick Brooklyn. &nbsp;Fap umami jean shorts occupy photo booth. &nbsp;Mlkshk umami pork belly freegan, DIY kogi Portland ethical Pitchfork literally bespoke chillwave readymade Vice. &nbsp;Twee typewriter fixie selvage, bitters XOXO umami. &nbsp;Readymade you probably haven&#39;t heard of them flannel, Pinterest whatever kogi next level fashion axe chillwave.</p>', '5.jpg', '14.00', NULL, NULL, 89, 1, '2013-12-05 17:52:57', '2013-12-05 17:52:57'),
(33, 5, 'Liquid #6', 'liquid-006', 'liquid-six', '<p>Lo-fi cray Marfa lomo gentrify letterpress jean shorts deep v ennui squid locavore McSweeney&#39;s. &nbsp;3 wolf moon organic twee, chillwave McSweeney&#39;s American Apparel hoodie yr wayfarers aesthetic DIY. &nbsp;Vegan whatever biodiesel, pug freegan asymmetrical Odd Future PBR Blue Bottle Schlitz next level Pitchfork Bushwick Brooklyn. &nbsp;Fap umami jean shorts occupy photo booth. &nbsp;Mlkshk umami pork belly freegan, DIY kogi Portland ethical Pitchfork literally bespoke chillwave readymade Vice. &nbsp;Twee typewriter fixie selvage, bitters XOXO umami. &nbsp;Readymade you probably haven&#39;t heard of them flannel, Pinterest whatever kogi next level fashion axe chillwave.</p>', '6.jpg', '15.00', NULL, NULL, 85, 1, '2013-12-05 17:53:21', '2013-12-05 17:53:21'),
(34, 5, 'Liquid #7', 'liquid-007', 'liquid-seven', '<p>Lo-fi cray Marfa lomo gentrify letterpress jean shorts deep v ennui squid locavore McSweeney&#39;s. &nbsp;3 wolf moon organic twee, chillwave McSweeney&#39;s American Apparel hoodie yr wayfarers aesthetic DIY. &nbsp;Vegan whatever biodiesel, pug freegan asymmetrical Odd Future PBR Blue Bottle Schlitz next level Pitchfork Bushwick Brooklyn. &nbsp;Fap umami jean shorts occupy photo booth. &nbsp;Mlkshk umami pork belly freegan, DIY kogi Portland ethical Pitchfork literally bespoke chillwave readymade Vice. &nbsp;Twee typewriter fixie selvage, bitters XOXO umami. &nbsp;Readymade you probably haven&#39;t heard of them flannel, Pinterest whatever kogi next level fashion axe chillwave.</p>', '7.jpg', '16.00', NULL, NULL, 85, 1, '2013-12-05 17:53:44', '2013-12-05 17:53:44'),
(35, 5, 'Liquid #8', 'liquid-008', 'liquid-eight', '<p>Lo-fi cray Marfa lomo gentrify letterpress jean shorts deep v ennui squid locavore McSweeney&#39;s. &nbsp;3 wolf moon organic twee, chillwave McSweeney&#39;s American Apparel hoodie yr wayfarers aesthetic DIY. &nbsp;Vegan whatever biodiesel, pug freegan asymmetrical Odd Future PBR Blue Bottle Schlitz next level Pitchfork Bushwick Brooklyn. &nbsp;Fap umami jean shorts occupy photo booth. &nbsp;Mlkshk umami pork belly freegan, DIY kogi Portland ethical Pitchfork literally bespoke chillwave readymade Vice. &nbsp;Twee typewriter fixie selvage, bitters XOXO umami. &nbsp;Readymade you probably haven&#39;t heard of them flannel, Pinterest whatever kogi next level fashion axe chillwave.</p>', '8.jpg', '17.00', NULL, NULL, 85, 1, '2013-12-05 17:54:07', '2013-12-05 17:54:07'),
(36, 5, 'Liquid #9', 'liquid-009', 'liquid-nine', '<p>Lo-fi cray Marfa lomo gentrify letterpress jean shorts deep v ennui squid locavore McSweeney&#39;s. &nbsp;3 wolf moon organic twee, chillwave McSweeney&#39;s American Apparel hoodie yr wayfarers aesthetic DIY. &nbsp;Vegan whatever biodiesel, pug freegan asymmetrical Odd Future PBR Blue Bottle Schlitz next level Pitchfork Bushwick Brooklyn. &nbsp;Fap umami jean shorts occupy photo booth. &nbsp;Mlkshk umami pork belly freegan, DIY kogi Portland ethical Pitchfork literally bespoke chillwave readymade Vice. &nbsp;Twee typewriter fixie selvage, bitters XOXO umami. &nbsp;Readymade you probably haven&#39;t heard of them flannel, Pinterest whatever kogi next level fashion axe chillwave.</p>', '9.jpg', '18.00', NULL, NULL, 85, 1, '2013-12-05 17:54:30', '2013-12-05 17:54:30'),
(37, 5, 'Liquid #10', 'liquid-010', 'liquid-ten', '<p>Lo-fi cray Marfa lomo gentrify letterpress jean shorts deep v ennui squid locavore McSweeney&#39;s. &nbsp;3 wolf moon organic twee, chillwave McSweeney&#39;s American Apparel hoodie yr wayfarers aesthetic DIY. &nbsp;Vegan whatever biodiesel, pug freegan asymmetrical Odd Future PBR Blue Bottle Schlitz next level Pitchfork Bushwick Brooklyn. &nbsp;Fap umami jean shorts occupy photo booth. &nbsp;Mlkshk umami pork belly freegan, DIY kogi Portland ethical Pitchfork literally bespoke chillwave readymade Vice. &nbsp;Twee typewriter fixie selvage, bitters XOXO umami. &nbsp;Readymade you probably haven&#39;t heard of them flannel, Pinterest whatever kogi next level fashion axe chillwave.</p>', '10.jpg', '50.00', NULL, NULL, 85, 1, '2013-12-05 17:54:57', '2013-12-05 17:54:57'),
(38, 5, 'Liquid #11', 'liquid-011', 'liquid-eleven', '<p>Lo-fi cray Marfa lomo gentrify letterpress jean shorts deep v ennui squid locavore McSweeney&#39;s. &nbsp;3 wolf moon organic twee, chillwave McSweeney&#39;s American Apparel hoodie yr wayfarers aesthetic DIY. &nbsp;Vegan whatever biodiesel, pug freegan asymmetrical Odd Future PBR Blue Bottle Schlitz next level Pitchfork Bushwick Brooklyn. &nbsp;Fap umami jean shorts occupy photo booth. &nbsp;Mlkshk umami pork belly freegan, DIY kogi Portland ethical Pitchfork literally bespoke chillwave readymade Vice. &nbsp;Twee typewriter fixie selvage, bitters XOXO umami. &nbsp;Readymade you probably haven&#39;t heard of them flannel, Pinterest whatever kogi next level fashion axe chillwave.</p>', '11.jpg', '75.00', NULL, NULL, 85, 1, '2013-12-05 17:55:19', '2013-12-05 17:55:19'),
(39, 5, 'Liquid #12', 'liquid-012', 'liquid-twelve', '<p>Lo-fi cray Marfa lomo gentrify letterpress jean shorts deep v ennui squid locavore McSweeney&#39;s. &nbsp;3 wolf moon organic twee, chillwave McSweeney&#39;s American Apparel hoodie yr wayfarers aesthetic DIY. &nbsp;Vegan whatever biodiesel, pug freegan asymmetrical Odd Future PBR Blue Bottle Schlitz next level Pitchfork Bushwick Brooklyn. &nbsp;Fap umami jean shorts occupy photo booth. &nbsp;Mlkshk umami pork belly freegan, DIY kogi Portland ethical Pitchfork literally bespoke chillwave readymade Vice. &nbsp;Twee typewriter fixie selvage, bitters XOXO umami. &nbsp;Readymade you probably haven&#39;t heard of them flannel, Pinterest whatever kogi next level fashion axe chillwave.</p>', '12.jpg', '100.00', NULL, NULL, 85, 1, '2013-12-05 17:55:46', '2013-12-05 17:55:46');

-- --------------------------------------------------------

--
-- Table structure for table `users`
--

DROP TABLE IF EXISTS `users`;
CREATE TABLE IF NOT EXISTS `users` (
  `id` int(10) unsigned NOT NULL AUTO_INCREMENT,
  `role` varchar(255) COLLATE utf8_unicode_ci DEFAULT NULL,
  `name` varchar(255) COLLATE utf8_unicode_ci DEFAULT NULL,
  `username` varchar(255) COLLATE utf8_unicode_ci DEFAULT NULL,
  `password` varchar(255) COLLATE utf8_unicode_ci DEFAULT NULL,
  `active` int(1) DEFAULT NULL,
  `created` datetime DEFAULT NULL,
  `modified` datetime DEFAULT NULL,
  PRIMARY KEY (`id`)
) ENGINE=InnoDB  DEFAULT CHARSET=utf8 COLLATE=utf8_unicode_ci ROW_FORMAT=COMPACT AUTO_INCREMENT=2 ;

--
-- Dumping data for table `users`
--

INSERT INTO `users` (`id`, `role`, `name`, `username`, `password`, `active`, `created`, `modified`) VALUES
(1, 'admin', 'admin', 'admin', '1a25d93def947ca5a8a58cb246677df6d0ea881f', 1, '2011-09-26 00:34:07', '2013-12-05 20:31:34');

/*!40101 SET CHARACTER_SET_CLIENT=@OLD_CHARACTER_SET_CLIENT */;
/*!40101 SET CHARACTER_SET_RESULTS=@OLD_CHARACTER_SET_RESULTS */;
/*!40101 SET COLLATION_CONNECTION=@OLD_COLLATION_CONNECTION */;
